Year,Team,Games Won,GP,PTS,FGM,FGA,FG%,3:00 PM,3PA,3P%,FTM,FTA,FT%,OR,DR,REB,AST,STL,BLK,TO,PF,,,,,,
2022-2023,New Orleans Pelicans 2023,5,10,118.5,45.1,93.6,48.2,11.1,28.6,38.8,17.2,22.7,75.8,12.7,33.1,45.8,28,8.7,3.9,13.5,19.9,,,,,,
2022-2023,Utah Jazz 2023,9,12,118.3,43.3,91.6,47.3,14.9,40.1,37.2,16.7,21.6,77.2,12.3,32.3,44.5,27.8,8.9,5.4,15.3,22.8,,,,,,
2022-2023,Boston Celtics 2023,7,10,117.8,40.8,85.5,47.7,15.6,40.3,38.7,20.6,24.1,85.5,7.8,33.4,41.2,25.4,5.5,5.8,13.3,21.7,,,,,,
2022-2023,Golden State Warriors 2023,4,11,117.3,42.7,89.9,47.5,14.6,40.7,35.9,17.2,21.5,79.7,9.4,31.9,41.3,28.5,7.3,4,16,23.9,,,,,,
2022-2023,Indiana Pacers 2023,5,10,117.1,41.2,90.8,45.4,15.3,40.4,37.9,19.4,24.2,80.2,11.3,33.4,44.7,28.4,6.5,6.8,15.4,22.2,,,,,,
2022-2023,Atlanta Hawks 2023,7,10,116.5,44.5,94.9,46.9,10.4,29.9,34.8,17.1,20.9,81.8,10.9,33.9,44.8,25.8,8.1,5.7,11.8,21.6,,,,,,
2022-2023,Cleveland Cavaliers 2023,8,10,116.3,41.5,86.9,47.8,13.4,33.6,39.9,19.9,24.6,80.9,9.9,35.7,45.6,25.4,5.7,5,14.6,20.9,,,,,,
2022-2023,Denver Nuggets 2023,7,10,116.2,44,87.7,50.2,13.4,32,41.9,14.8,20.7,71.5,10.6,34.8,45.4,29,7.5,3.8,15.3,18.8,,,,,,
2022-2023,Memphis Grizzlies 2023,7,11,116.1,43,92.2,46.6,13.3,34.7,38.2,16.8,23.7,70.9,12.9,34.1,47,24.4,6.7,5.5,13.7,20.8,,,,,,
2022-2023,New York Knicks 2023,5,10,115,43,92.8,46.3,11.8,34.8,33.9,17.2,22.3,77.1,12.7,36.1,48.8,24.7,6.5,5.5,14.5,22.1,,,,,,
2022-2023,Sacramento Kings 2023,3,9,114.7,41.1,87.1,47.2,14.1,39,36.2,18.3,24.2,75.7,7.8,33.8,41.6,26.7,6.1,3.4,14.6,22.3,,,,,,
2022-2023,Minnesota Timberwolves 2023,5,11,113.7,42.5,90.3,47.1,11.5,35.3,32.5,17.2,22.5,76.5,10.9,35.2,46.1,26.4,7.7,5.6,15.9,21.4,,,,,,
2022-2023,Dallas Mavericks 2023,6,10,113,39.3,82.1,47.9,13,36.4,35.7,21.3,28.3,75.3,8.9,31.2,40.1,19.6,8.3,4,14,21.3,,,,,,
2022-2023,San Antonio Spurs 2023,5,11,112.9,41.9,89.5,46.8,13.6,35.5,38.4,15.5,21.4,72.3,10.7,30.7,41.5,29.9,7.6,4.3,17.2,18.6,,,,,,
2022-2023,Phoenix Suns 2023,7,10,112.4,41,86.7,47.3,11.5,31.9,36,18.9,23.2,81.5,10.5,31,41.5,27.6,7.9,5.9,12.9,22.3,,,,,,
2022-2023,Toronto Raptors 2023,6,11,111.9,40.8,89.7,45.5,12.3,33.7,36.4,18,23.5,76.4,11.5,31.8,43.3,24.5,10.6,5.9,11.7,20.4,,,,,,
2022-2023,Orlando Magic 2023,3,11,111.5,40.5,84.8,47.8,9.7,30,32.4,20.7,26.4,78.6,10.2,35.2,45.4,21.2,6.5,5.7,16.1,22.8,,,,,,
2022-2023,Chicago Bulls 2023,6,12,111.4,39.8,86.4,46.1,11,29.5,37.3,20.8,24.4,85,10.8,33.6,44.3,24.3,8.3,5.7,15,20.2,,,,,,
2022-2023,Milwaukee Bucks 2023,9,10,111.4,40.4,89.9,44.9,13.4,39.3,34.1,17.2,23.4,73.5,12.2,38.5,50.7,23.8,7.5,6.8,14.4,19.4,,,,,,
2022-2023,Brooklyn Nets 2023,4,11,110.5,40,84.1,47.6,11.3,32.1,35.1,19.3,23.5,81.9,8.8,30.6,39.5,25.2,7.6,8.1,13.1,22.7,,,,,,
2022-2023,Houston Rockets 2023,2,11,110.4,39.2,90.5,43.3,13.4,36.9,36.2,18.6,24.5,75.9,13.9,31.3,45.2,21.1,7.7,4.5,16.3,21.5,,,,,,
2022-2023,Portland Trail Blazers 2023,7,10,109.8,38.9,83,46.9,11.8,29.9,39.5,20.2,25.9,78,10.7,33,43.7,23.2,6.9,4.3,16.2,19,,,,,,
2022-2023,Oklahoma City Thunder 2023,4,10,109.7,42.1,95.5,44.1,10.2,34.8,29.3,15.3,20.2,75.7,12.3,32.6,44.9,23.8,9.1,6.1,11.7,21.1,,,,,,
2022-2023,Charlotte Hornets 2023,3,11,109.1,40.9,92.5,44.2,10.8,31.9,33.9,16.5,22.9,71.8,12.2,33.7,45.9,26.5,7.5,6.3,14.5,20.5,,,,,,
2022-2023,Philadelphia 76ers 2023,5,11,108.9,38.7,82.9,46.7,13.5,34.5,39.2,17.9,22.4,80.1,7.8,31.4,39.2,24.2,7.9,4.7,12.5,19.5,,,,,,
2022-2023,Los Angeles Lakers 2023,2,10,108.4,40.2,90.5,44.4,9.3,32,29.1,18.7,23.6,79.2,9.6,35.5,45.1,23.2,7.8,5.5,14.8,20.1,,,,,,
2022-2023,Miami Heat 2023,4,11,108,38.4,85.2,45,11.9,34.6,34.4,19.4,22.1,87.7,8.7,31.5,40.2,24.7,8.2,2.9,13.3,20.1,,,,,,
2022-2023,Detroit Pistons 2023,3,11,107.7,37.7,88.5,42.6,11.4,33.7,33.7,20.9,26.6,78.5,11.7,32.2,43.9,21.2,6.4,4,14.2,22.5,,,,,,
2022-2023,Washington Wizards 2023,5,11,107,40.5,86,47,8.9,29.1,30.6,17.2,21.8,78.8,9.5,34.4,43.8,23.5,5.6,5.9,12.8,19.9,,,,,,
2022-2023,LA Clippers 2023,6,11,103.8,39.3,82.8,47.4,10.7,32.2,33.3,14.5,19.8,73.4,7,35.5,42.5,21.3,7.4,5.5,15,20,,,,,,
2021-2022,Minnesota Timberwolves 2022,46,82,115.9,41.6,91,45.7,14.8,41.3,35.8,18,23.1,77.8,11.2,32.9,44.2,25.7,8.8,5.6,13.7,21.8,,,,,,
2021-2022,Memphis Grizzlies 2022,56,82,115.6,43.5,94.4,46.1,11.5,32.7,35.3,17,23.1,73.4,14.1,35,49.2,26,9.8,6.5,12.5,19.8,,,,,,
2021-2022,Milwaukee Bucks 2022,51,82,115.5,41.8,89.4,46.8,14.1,38.4,36.6,17.8,22.9,77.6,10.3,36.5,46.7,23.9,7.6,4,12.7,18.2,,,,,,
2021-2022,Charlotte Hornets 2022,43,82,115.3,42.8,91.4,46.8,13.9,38.2,36.5,15.8,21.4,74,10.8,33.7,44.6,28.1,8.6,4.9,12.7,19.9,,,,,,
2021-2022,Phoenix Suns 2022,64,82,114.8,43.7,90.1,48.5,11.6,31.9,36.4,15.9,19.9,79.7,9.8,35.5,45.3,27.4,8.6,4.4,12.3,19.9,,,,,,
2021-2022,Atlanta Hawks 2022,43,82,113.9,41.5,88.3,47,12.9,34.4,37.4,18.1,22.3,81.2,10,33.9,44,24.6,7.2,4.2,11.3,18.7,,,,,,
2021-2022,Utah Jazz 2022,49,82,113.6,40.6,86.2,47.1,14.5,40.3,36,17.9,23.4,76.7,10.8,35.6,46.3,22.4,7.2,4.9,13.2,18.9,,,,,,
2021-2022,San Antonio Spurs 2022,34,82,113.2,43.2,92.7,46.7,11.3,32,35.2,15.4,20.4,75.4,11,34.3,45.3,27.9,7.6,4.9,12.3,18.1,,,,,,
2021-2022,Brooklyn Nets 2022,44,82,112.9,42,88.4,47.5,11.5,31.7,36.1,17.5,21.7,80.5,10.3,34.1,44.4,25.3,7.1,5.5,13.2,20.4,,,,,,
2021-2022,Denver Nuggets 2022,48,82,112.7,41.7,86.3,48.3,12.7,35.9,35.3,16.7,21,79.5,9.2,34.9,44.1,27.8,7.2,3.7,13.8,20,,,,,,
2021-2022,Los Angeles Lakers 2022,33,82,112.1,41.6,88.8,46.9,12,34.5,34.7,16.8,23,73.2,9.5,34.5,44,24,7.6,5.2,13.9,20.2,,,,,,
2021-2022,Boston Celtics 2022,51,82,111.8,40.7,87.4,46.6,13.2,37.1,35.6,17,20.9,81.6,10.5,35.5,46.1,24.8,7.2,5.8,13,18.5,,,,,,
2021-2022,Chicago Bulls 2022,46,82,111.6,41.7,86.9,48,10.6,28.8,36.9,17.5,21.5,81.3,8.7,33.7,42.3,23.9,7.1,4.1,12.1,18.8,,,,,,
2021-2022,Indiana Pacers 2022,23,82,111.5,41.4,89.5,46.3,12.2,35.4,34.4,16.4,21.4,76.8,11.3,32.6,43.9,25.4,7.1,5.6,13.6,20.4,,,,,,
2021-2022,Golden State Warriors 2022,53,82,111,40.5,86.4,46.9,14.3,39.4,36.4,15.6,20.3,76.9,9.8,35.7,45.5,27.1,8.8,4.5,14.3,21,,,,,,
2021-2022,Sacramento Kings 2022,30,82,110.3,40.5,88.1,46,11.4,33.2,34.4,17.9,23.3,76.8,9.6,33.4,42.9,23.7,7.2,4.5,13.5,18.9,,,,,,
2021-2022,Miami Heat 2022,53,82,110,39.6,84.8,46.7,13.6,35.8,37.9,17.3,21.4,80.8,9.8,33.9,43.7,25.5,7.4,3.2,13.8,20.5,,,,,,
2021-2022,Philadelphia 76ers 2022,51,82,109.9,39.4,84.5,46.6,11.6,31.8,36.4,19.6,23.8,82.1,8.5,33.8,42.3,23.7,7.7,5.3,11.7,19.4,,,,,,
2021-2022,Houston Rockets 2022,20,82,109.7,39.4,86.4,45.6,13.5,38.7,34.9,17.5,24.5,71.3,9.6,32.4,42,23.6,7.3,4.7,15.7,20.6,,,,,,
2021-2022,Toronto Raptors 2022,48,82,109.4,40.6,91.3,44.5,11.9,34.2,34.9,16.2,21.3,75.9,13.4,32,45.3,22.1,9,4.6,11.6,19.6,,,,,,
2021-2022,New Orleans Pelicans 2022,36,82,109.3,40.2,88,45.7,10.6,32.1,33.2,18.3,23.2,78.9,12,33.2,45.2,25,8.3,4,13.3,19.7,,,,,,
2021-2022,Washington Wizards 2022,35,82,108.6,40.6,86,47.2,10.5,30.6,34.2,17,21.7,78.3,9,34.1,43.1,25,6.4,5,12.6,18.8,,,,,,
2021-2022,LA Clippers 2022,42,82,108.4,40.1,87.4,45.8,12.8,34.2,37.4,15.5,19.6,79.3,9.1,34.9,44,24,7.4,5,13,18.6,,,,,,
2021-2022,Dallas Mavericks 2022,52,82,108,39.3,85.1,46.1,13.1,37.4,35,16.4,21.2,77.1,9.3,33.8,43,23.4,6.7,4,11.7,19.7,,,,,,
2021-2022,Cleveland Cavaliers 2022,44,82,107.8,39.7,84.6,46.9,11.6,32.8,35.5,16.8,22.1,76,10.2,34,44.2,25.2,7.1,4.2,13.3,17.5,,,,,,
2021-2022,New York Knicks 2022,37,82,106.5,37.7,86.2,43.7,13.2,36.9,35.7,18,24.1,74.4,11.5,34.6,46.1,21.9,7,4.9,12.4,20.4,,,,,,
2021-2022,Portland Trail Blazers 2022,27,82,106.2,38.5,87.1,44.2,12.7,36.8,34.6,16.4,21.6,76,10.4,32.5,42.9,22.9,8,4.5,13.7,21.1,,,,,,
2021-2022,Detroit Pistons 2022,23,82,104.8,38.2,88.6,43.1,11.3,34.6,32.6,17.2,22,78.2,11,32,43,23.5,7.7,4.8,13.4,21.9,,,,,,
2021-2022,Orlando Magic 2022,22,82,104.2,38.3,88.3,43.4,12.2,36.9,33.1,15.5,19.7,78.7,9.1,35.2,44.3,23.7,6.8,4.5,13.8,19.7,,,,,,
2021-2022,Oklahoma City Thunder 2022,24,82,103.7,38.3,89.1,43,12.1,37.4,32.3,15,19.9,75.6,10.4,35.2,45.6,22.2,7.6,4.6,13.3,18.3,,,,,,
2020-2021,Milwaukee Bucks 2021,46,72,120.1,44.7,91.8,48.7,14.4,37.1,38.9,16.2,21.4,76,10.3,37.8,48.1,25.5,8.1,4.6,13.4,17.3,,,,,,
2020-2021,Brooklyn Nets 2021,48,72,118.6,43.1,87.3,49.4,14.2,36.1,39.2,18.1,22.5,80.4,8.9,35.5,44.4,26.8,6.7,5.3,13.1,19,,,,,,
2020-2021,Washington Wizards 2021,34,72,116.6,43.2,90.9,47.5,10.2,29,35.1,20.1,26.2,76.9,9.7,35.5,45.2,25.5,7.3,4.1,13.9,21.6,,,,,,
2020-2021,Utah Jazz 2021,52,72,116.4,41.3,88.1,46.8,16.7,43,38.9,17.2,21.5,79.9,10.6,37.6,48.3,23.7,6.6,5.2,13.5,18.5,,,,,,
2020-2021,Portland Trail Blazers 2021,42,72,116.1,41.3,91.1,45.3,15.7,40.8,38.5,17.8,21.6,82.3,10.6,33.9,44.5,21.3,6.9,5,10.8,18.9,,,,,,
2020-2021,Indiana Pacers 2021,34,72,115.3,43.3,91.2,47.4,12.3,34,36.4,16.4,20.7,79.2,9,33.7,42.7,27.4,8.5,6.4,13,20.2,,,,,,
2020-2021,Phoenix Suns 2021,51,72,115.3,43.3,88.3,49,13.1,34.6,37.8,15.6,18.7,83.4,8.8,34.2,42.9,26.9,7.2,4.3,12,19.1,,,,,,
2020-2021,Denver Nuggets 2021,47,72,115.1,43.3,89.2,48.5,12.9,34.2,37.7,15.7,19.5,80.3,10.5,33.9,44.4,26.8,8.1,4.5,12.8,19.1,,,,,,
2020-2021,New Orleans Pelicans 2021,31,72,114.6,42.5,89.1,47.7,10.6,30.4,34.8,19,26.1,72.9,11.7,35.7,47.4,26,7.6,4.4,13.9,18,,,,,,
2020-2021,LA Clippers 2021,47,72,114,41.8,86.7,48.2,14.3,34.7,41.1,16.2,19.3,83.9,9.4,34.7,44.2,24.4,7.1,4.1,12.4,19.2,,,,,,
2020-2021,Sacramento Kings 2021,31,72,113.7,42.6,88.6,48.1,12.1,33.3,36.4,16.4,22,74.5,9.4,32,41.4,25.5,7.5,5,12.8,19.4,,,,,,
2020-2021,Golden State Warriors 2021,39,72,113.7,41.3,88.2,46.8,14.6,38.7,37.6,16.6,21.1,78.5,8,35.1,43,27.7,8.2,4.8,14.6,21.2,,,,,,
2020-2021,Atlanta Hawks 2021,41,72,113.7,40.8,87.2,46.8,12.4,33.4,37.3,19.7,24.2,81.2,10.6,35.1,45.6,24.1,7,4.8,12.7,19.3,,,,,,
2020-2021,Philadelphia 76ers 2021,49,72,113.6,41.4,86.9,47.6,11.3,30.1,37.4,19.6,25.5,76.7,10,35,45.1,23.7,9.1,6.2,13.7,20.2,,,,,,
2020-2021,Memphis Grizzlies 2021,38,72,113.3,42.8,91.8,46.7,11.2,31.4,35.6,16.4,21.3,77.1,11.2,35.3,46.5,26.9,9.1,5.1,12.7,18.7,,,,,,
2020-2021,Boston Celtics 2021,36,72,112.6,41.5,88.9,46.6,13.6,36.4,37.4,16.1,20.8,77.5,10.6,33.6,44.3,23.5,7.7,5.3,13.4,20.4,,,,,,
2020-2021,Dallas Mavericks 2021,42,72,112.4,41.1,87.3,47,13.8,38.1,36.2,16.5,21.2,77.8,9.1,34.2,43.3,22.9,6.3,4.3,11.4,19.4,,,,,,
2020-2021,Minnesota Timberwolves 2021,23,72,112.1,40.7,90.9,44.8,13.1,37.6,34.9,17.6,23.1,76.1,10.5,33,43.5,25.6,8.8,5.5,13.7,20.9,,,,,,
2020-2021,Toronto Raptors 2021,27,72,111.3,39.7,88.7,44.8,14.5,39.3,36.8,17.4,21.3,81.5,9.4,32.1,41.6,24.1,8.6,5.4,12.5,21.2,,,,,,
2020-2021,San Antonio Spurs 2021,33,72,111.1,41.9,90.5,46.2,9.9,28.4,35,17.4,22,79.2,9.3,34.6,43.9,24.4,7,5.1,11,18,,,,,,
2020-2021,Chicago Bulls 2021,31,72,110.7,42.2,88.6,47.6,12.6,34,37,13.8,17.5,79.1,9.6,35.3,45,26.8,6.7,4.2,14.5,18.9,,,,,,
2020-2021,Los Angeles Lakers 2021,42,72,109.5,40.6,86.1,47.2,11.1,31.2,35.4,17.2,23.3,73.9,9.7,34.6,44.2,24.7,7.8,5.4,14.7,19.1,,,,,,
2020-2021,Charlotte Hornets 2021,33,72,109.5,39.9,87.8,45.5,13.7,37,36.9,15.9,20.9,76.1,10.6,33.2,43.8,26.8,7.8,4.8,14.2,18,,,,,,
2020-2021,Houston Rockets 2021,17,72,108.8,39.3,88.5,44.3,13.8,40.6,33.9,16.5,22.3,74,9.3,33.3,42.6,23.6,7.6,5,14.2,19.5,,,,,,
2020-2021,Miami Heat 2021,40,72,108.1,39.2,83.7,46.8,12.9,36.2,35.8,16.7,21.1,79,8,33.5,41.5,26.3,7.9,4,13.3,18.9,,,,,,
2020-2021,New York Knicks 2021,41,72,107,39.4,86.5,45.6,11.8,30,39.2,16.4,20.9,78.4,9.7,35.5,45.1,21.4,7,5.1,12.2,20.5,,,,,,
2020-2021,Detroit Pistons 2021,20,72,106.6,38.7,85.6,45.2,11.6,32.9,35.1,17.8,23.4,75.9,9.6,33.1,42.7,24.2,7.4,5.2,14.2,20.5,,,,,,
2020-2021,Oklahoma City Thunder 2021,22,72,105,38.8,88,44.1,11.9,35.1,33.9,15.5,21.3,72.5,9.9,35.7,45.6,22.1,7,4.4,15.4,18.1,,,,,,
2020-2021,Orlando Magic 2021,21,72,104,38.3,89.2,42.9,10.9,31.8,34.3,16.6,21.4,77.5,10.4,35.1,45.4,21.8,6.9,4.4,12.3,17.2,,,,,,
2020-2021,Cleveland Cavaliers 2021,22,72,103.8,38.6,85.8,45,10,29.7,33.6,16.7,22.4,74.3,10.4,32.3,42.8,23.8,7.8,4.5,14.4,18.2,,,,,,
2019-2020,Milwaukee Bucks 2020,56,73,118.7,43.3,90.9,47.6,13.8,38.9,35.5,18.3,24.7,74.2,9.5,42.2,51.7,25.9,7.2,5.9,14.7,19.6,,,,,,
2019-2020,Houston Rockets 2020,44,72,117.8,40.8,90.4,45.1,15.6,45.3,34.5,20.6,26.1,79.1,9.8,34.5,44.3,21.6,8.7,5.2,14.2,21.8,,,,,,
2019-2020,Dallas Mavericks 2020,43,75,117,41.7,90.3,46.1,15.1,41.3,36.7,18.6,23.8,77.9,10.5,36.4,46.9,24.7,6.1,4.8,12.1,19.5,,,,,,
2019-2020,LA Clippers 2020,49,72,116.3,41.6,89.2,46.6,12.4,33.5,37.1,20.8,26.3,79.1,10.7,37,47.7,23.7,7.1,4.7,14,22.1,,,,,,
2019-2020,New Orleans Pelicans 2020,30,72,115.8,42.6,91.6,46.5,13.6,36.9,37,17.1,23.4,72.9,11.1,35.4,46.5,26.8,7.5,5,15.9,21.2,,,,,,
2019-2020,Portland Trail Blazers 2020,35,74,115,42.2,91.2,46.3,12.9,34.1,37.7,17.7,22.1,80.4,10.2,35.1,45.3,20.6,6.3,6.1,12.4,21.7,,,,,,
2019-2020,Washington Wizards 2020,25,72,114.4,41.5,90.9,45.7,12,32.6,36.8,19.4,24.6,78.8,10.2,31.9,42,25,8,4.3,13.6,22.7,,,,,,
2019-2020,San Antonio Spurs 2020,32,71,114.1,42.2,89.4,47.2,10.7,28.5,37.6,19,23.4,81,9,35.6,44.6,24.7,7.3,5.5,12.3,19.4,,,,,,
2019-2020,Boston Celtics 2020,48,72,113.7,41.3,89.6,46.1,12.6,34.5,36.4,18.6,23.2,80.1,10.7,35.4,46.1,23,8.3,5.6,13.2,21.6,,,,,,
2019-2020,Phoenix Suns 2020,34,73,113.6,41.2,88.1,46.8,11.4,31.8,35.8,19.9,23.8,83.4,9.8,33.8,43.5,27.2,7.7,4,14.2,22,,,,,,
2019-2020,Los Angeles Lakers 2020,52,71,113.4,42.3,88.3,48,11,31.6,34.9,17.7,24.3,72.9,10.7,35.1,45.7,25.4,8.6,6.6,14.7,20.7,,,,,,
2019-2020,Minnesota Timberwolves 2020,19,64,113.3,40.4,91.6,44.1,13.3,39.7,33.6,19.1,25.4,75.3,10.5,34.3,44.8,23.8,8.7,5.7,14.7,21.4,,,,,,
2019-2020,Toronto Raptors 2020,53,72,112.8,40.2,87.9,45.8,13.8,37,37.4,18.5,23.2,79.6,9.5,35.9,45.4,25.2,8.8,5,14.1,21.7,,,,,,
2019-2020,Memphis Grizzlies 2020,34,73,112.6,42.5,90.9,46.8,10.9,31.5,34.7,16.6,21.8,76.3,10.3,36.2,46.5,26.9,7.9,5.5,14.6,21.2,,,,,,
2019-2020,Miami Heat 2020,44,73,112,39.5,84.4,46.8,13.4,35.4,37.9,19.7,25.2,78.3,8.5,35.9,44.4,25.9,7.5,4.5,14,20.6,,,,,,
2019-2020,Brooklyn Nets 2020,35,72,111.8,40.4,90.3,44.8,13.1,38.1,34.3,17.9,24.1,74.5,10.6,37.3,47.9,24.5,6.4,4.5,14.6,21,,,,,,
2019-2020,Atlanta Hawks 2020,20,67,111.8,40.6,90.6,44.9,12,36.1,33.3,18.5,23.4,79,9.9,33.4,43.3,24,7.8,5.1,15.7,23.1,,,,,,
2019-2020,Utah Jazz 2020,44,72,111.3,40.1,85.1,47.1,13.4,35.2,38,17.8,22.8,77.9,9.1,35.8,44.9,22.4,6.1,4,14.6,20.4,,,,,,
2019-2020,Denver Nuggets 2020,46,73,111.3,42,88.9,47.3,11,30.6,35.9,16.2,20.9,77.7,10.8,33.4,44.1,26.7,8,4.6,13.1,20.3,,,,,,
2019-2020,Philadelphia 76ers 2020,43,73,110.7,41.1,87.9,46.8,11.6,31.6,36.8,16.9,22.4,75.5,10.5,35,45.4,25.8,8,5.3,13.5,20.9,,,,,,
2019-2020,Oklahoma City Thunder 2020,44,72,110.4,40,85.5,46.8,10.7,30.2,35.5,19.8,24.8,79.6,8.2,34.7,42.9,21.7,7.6,4.9,13,19.3,,,,,,
2019-2020,Sacramento Kings 2020,31,72,110.1,40.9,88.4,46.2,12.7,34.9,36.4,15.7,20.3,77,9.7,32.9,42.6,23.8,7.7,4.1,13.8,22.2,,,,,,
2019-2020,Indiana Pacers 2020,45,73,109.4,42.1,88.5,47.6,10.2,28,36.3,15,19.1,78.7,8.7,34.1,42.8,25.9,7.4,5.2,12.7,19.8,,,,,,
2019-2020,Orlando Magic 2020,33,73,107.3,39.3,88.6,44.4,11.1,32.2,34.3,17.6,22.7,77.4,10.3,34.2,44.5,23.9,8.2,5.4,12.2,18.3,,,,,,
2019-2020,Detroit Pistons 2020,20,66,107.2,39.3,85.7,45.9,12,32.7,36.7,16.6,22.4,74.3,9.8,32,41.7,24.1,7.4,4.5,14.5,19.7,,,,,,
2019-2020,Cleveland Cavaliers 2020,19,65,106.9,40.3,87.9,45.8,11.2,31.8,35.1,15.1,19.9,75.8,10.8,33.4,44.2,23.1,6.9,3.2,15.7,18.3,,,,,,
2019-2020,Chicago Bulls 2020,22,65,106.8,39.6,88.6,44.7,12.2,35.1,34.8,15.5,20.5,75.5,10.5,31.4,41.9,23.2,10,4.1,14.6,21.8,,,,,,
2019-2020,Golden State Warriors 2020,15,65,106.3,38.6,88.2,43.8,10.4,31.3,33.4,18.7,23.2,80.3,10,32.9,42.8,25.6,8.2,4.6,14.3,20.1,,,,,,
2019-2020,New York Knicks 2020,21,66,105.8,40,89.3,44.7,9.6,28.4,33.7,16.3,23.5,69.4,12,34.5,46.5,22.1,7.6,4.7,13.8,22.2,,,,,,
2019-2020,Charlotte Hornets 2020,23,65,102.9,37.3,85.9,43.4,12.1,34.3,35.2,16.2,21.6,74.8,11,31.8,42.8,23.8,6.6,4.1,13.9,18.8,,,,,,
2018-2019,Milwaukee Bucks 2019,60,82,118.1,43.4,91.1,47.6,13.5,38.2,35.3,17.9,23.2,77.3,9.3,40.4,49.7,26,7.5,5.9,13.3,19.6,,,,,,
2018-2019,Golden State Warriors 2019,57,82,117.7,44,89.8,49.1,13.3,34.4,38.5,16.3,20.4,80.1,9.7,36.5,46.2,29.4,7.6,6.4,13.8,21.4,,,,,,
2018-2019,New Orleans Pelicans 2019,33,82,115.4,43.7,92.2,47.3,10.3,29.9,34.4,17.8,23.4,76.1,11.1,36.2,47.3,27,7.4,5.4,14.5,21.1,,,,,,
2018-2019,Philadelphia 76ers 2019,51,82,115.2,41.5,88.2,47.1,10.8,30.2,35.9,21.2,27.5,77.1,10.9,36.9,47.8,26.9,7.4,5.3,14.5,21.3,,,,,,
2018-2019,LA Clippers 2019,48,82,115.1,41.3,87.5,47.1,10,25.8,38.8,22.6,28.5,79.2,9.7,35.8,45.5,24,6.8,4.7,13.8,23.3,,,,,,
2018-2019,Portland Trail Blazers 2019,53,82,114.7,42.3,90.6,46.7,11,30.7,35.9,19,23.3,81.4,11.8,36.2,48,23,6.7,5,13.3,20.4,,,,,,
2018-2019,Oklahoma City Thunder 2019,49,82,114.5,42.6,94,45.4,11.4,32.6,34.8,17.8,25,71.3,12.6,35.5,48.1,23.4,9.3,5.2,13.6,22.4,,,,,,
2018-2019,Toronto Raptors 2019,58,82,114.4,42.2,89.1,47.4,12.4,33.8,36.6,17.7,22,80.4,9.6,35.6,45.2,25.4,8.3,5.3,13.3,21,,,,,,
2018-2019,Sacramento Kings 2019,39,82,114.2,43.2,93.1,46.4,11.3,29.9,37.8,16.5,22.7,72.6,11,34.4,45.4,25.4,8.3,4.4,12.9,21.4,,,,,,
2018-2019,Washington Wizards 2019,32,82,114,42.1,90.1,46.8,11.3,33.3,34.1,18.4,23.9,76.8,9.7,32.7,42.4,26.3,8.3,4.6,13.7,20.7,,,,,,
2018-2019,Houston Rockets 2019,53,82,113.9,39.2,87.4,44.9,16.1,45.4,35.6,19.3,24.4,79.1,10.2,31.9,42.1,21.2,8.5,4.9,12.7,22,,,,,,
2018-2019,Atlanta Hawks 2019,29,82,113.3,41.4,91.8,45.1,13,37,35.2,17.6,23.4,75.2,11.6,34.5,46.1,25.8,8.2,5.1,16.6,23.6,,,,,,
2018-2019,Minnesota Timberwolves 2019,36,82,112.5,41.6,91.3,45.6,10.1,28.7,35.1,19.1,24.3,78.7,11.3,33.5,44.8,24.6,8.3,5,12.6,20.3,,,,,,
2018-2019,Boston Celtics 2019,49,82,112.4,42.1,90.5,46.5,12.6,34.5,36.5,15.6,19.5,80.2,9.8,34.7,44.5,26.3,8.6,5.3,12.4,20.4,,,,,,
2018-2019,Brooklyn Nets 2019,42,82,112.2,40.3,89.7,44.9,12.8,36.2,35.3,19,25.5,74.5,11,35.6,46.6,23.8,6.6,4.1,14.4,21.5,,,,,,
2018-2019,Los Angeles Lakers 2019,37,82,111.8,42.6,90.5,47,10.3,31,33.3,16.3,23.3,69.9,10.2,36.4,46.6,25.6,7.5,5.4,15.2,20.7,,,,,,
2018-2019,Utah Jazz 2019,50,82,111.7,40.4,86.4,46.8,12.1,34,35.6,18.8,25.5,73.6,10,36.4,46.4,26,8.1,5.9,14.8,21.1,,,,,,
2018-2019,San Antonio Spurs 2019,48,82,111.7,42.3,88.4,47.8,9.9,25.3,39.2,17.2,21,81.9,9.2,35.5,44.7,24.5,6.1,4.7,11.8,18.1,,,,,,
2018-2019,Charlotte Hornets 2019,39,82,110.7,40.2,89.8,44.8,11.9,33.9,35.1,18.4,23.1,79.7,9.9,33.9,43.8,23.2,7.2,4.9,11.7,18.9,,,,,,
2018-2019,Denver Nuggets 2019,54,82,110.7,41.9,90,46.6,11,31.4,35.1,15.8,20.9,75.5,11.9,34.5,46.4,27.4,7.7,4.4,12.9,20,,,,,,
2018-2019,Dallas Mavericks 2019,33,82,108.9,38.8,86.9,44.7,12.5,36.6,34,18.8,25.3,74.2,10.1,35.2,45.3,23.4,6.5,4.3,13.6,20.1,,,,,,
2018-2019,Indiana Pacers 2019,48,82,108,41.3,87,47.5,9.5,25.4,37.4,15.8,21.1,75.2,9.3,33.7,43,26,8.7,4.9,13.3,19.4,,,,,,
2018-2019,Phoenix Suns 2019,19,82,107.5,40.1,87.4,45.9,9.6,29.3,32.9,17.6,22.7,77.9,9.1,31.3,40.4,23.9,9,5.1,15.2,23.6,,,,,,
2018-2019,Orlando Magic 2019,42,82,107.3,40.4,89.1,45.4,11.4,32.1,35.6,15,19.2,78.2,10,35.4,45.4,25.5,6.6,5.4,12.6,18.6,,,,,,
2018-2019,Detroit Pistons 2019,41,82,107,38.8,88.3,44,12.1,34.8,34.8,17.3,23.1,74.7,11.4,33.6,45,22.5,6.9,4,13,22.1,,,,,,
2018-2019,Miami Heat 2019,39,82,105.7,39.6,88,45,11.3,32.4,34.9,15.1,21.7,69.5,11.2,35.1,46.3,24.3,7.6,5.5,14.1,20.9,,,,,,
2018-2019,Chicago Bulls 2019,22,82,104.9,39.8,87.9,45.3,9.1,25.9,35.1,16.2,20.7,78.3,8.8,34.1,42.9,21.9,7.4,4.3,13.5,20.3,,,,,,
2018-2019,New York Knicks 2019,17,82,104.6,38.2,88.3,43.3,10,29.5,34,18.1,23.9,75.9,10.5,34.3,44.7,20.1,6.8,5.1,13.4,20.9,,,,,,
2018-2019,Cleveland Cavaliers 2019,19,82,104.5,38.9,87.6,44.4,10.3,29.1,35.5,16.4,20.7,79.2,10.7,31.9,42.7,20.7,6.5,2.4,12.6,20,,,,,,
2018-2019,Memphis Grizzlies 2019,33,82,103.5,38,84.4,45,9.9,28.9,34.2,17.7,23,77.2,8.8,33,41.8,23.9,8.3,5.5,13.2,22,,,,,,
2017-2018,Golden State Warriors 2018,58,82,113.5,42.8,85.1,50.3,11.3,28.9,39.1,16.6,20.3,81.5,8.4,35.1,43.5,29.3,8,7.5,15,19.6,,,,,,
2017-2018,Houston Rockets 2018,65,82,112.4,38.7,84.2,46,15.3,42.3,36.2,19.6,25.1,78.1,9,34.5,43.5,21.5,8.5,4.8,13.2,19.5,,,,,,
2017-2018,New Orleans Pelicans 2018,48,82,111.7,42.7,88.3,48.3,10.2,28.2,36.2,16.1,20.9,77.2,8.7,35.7,44.3,26.8,8,5.9,14.4,19.1,,,,,,
2017-2018,Toronto Raptors 2018,59,82,111.7,41.3,87.4,47.2,11.8,33,35.8,17.3,21.8,79.4,9.8,34.2,44,24.3,7.6,6.1,12.7,21.7,,,,,,
2017-2018,Cleveland Cavaliers 2018,50,82,110.9,40.4,84.8,47.6,12,32.1,37.2,18.1,23.3,77.9,8.5,33.7,42.1,23.4,7.1,3.8,13.3,18.6,,,,,,
2017-2018,Denver Nuggets 2018,46,82,110,40.7,86.6,47,11.5,30.9,37.1,17.1,22.3,76.7,11,33.5,44.5,25.1,7.6,4.9,14.3,18.7,,,,,,
2017-2018,Philadelphia 76ers 2018,52,82,109.8,40.8,86.6,47.2,11,29.8,36.9,17.1,22.8,75.2,10.9,36.5,47.4,27.1,8.3,5.1,15.9,22.1,,,,,,
2017-2018,Minnesota Timberwolves 2018,47,82,109.5,41,86.1,47.6,8,22.5,35.7,19.4,24.1,80.4,10.3,31.6,42,22.7,8.4,4.2,11.7,18.2,,,,,,
2017-2018,LA Clippers 2018,42,82,109,40.3,85.4,47.1,9.5,26.8,35.4,19,25.5,74.3,10.1,33.7,43.9,22.3,7.7,4.5,14.1,20,,,,,,
2017-2018,Charlotte Hornets 2018,36,82,108.2,39,86.7,45,10,27.2,36.9,20.2,27,74.7,10.1,35.4,45.5,21.6,6.8,4.5,12.3,17.2,,,,,,
2017-2018,Los Angeles Lakers 2018,35,82,108.1,40.7,88.4,46.1,10,29.1,34.5,16.6,23.3,71.4,10.7,35.7,46.4,23.8,7.7,4.7,15.3,21.2,,,,,,
2017-2018,Oklahoma City Thunder 2018,48,82,107.9,39.9,88,45.3,10.7,30.4,35.4,17.3,24.2,71.6,12.5,32.6,45.1,21.3,9.1,5,13.4,20.2,,,,,,
2017-2018,Washington Wizards 2018,43,82,106.6,39.9,85.6,46.7,9.9,26.5,37.5,16.8,21.8,77.2,10,33.1,43.1,25.2,7.9,4.3,14,21.3,,,,,,
2017-2018,Brooklyn Nets 2018,28,82,106.6,38.2,86.8,44.1,12.7,35.7,35.6,17.4,22.6,77.2,9.7,34.8,44.4,23.7,6.2,4.8,14.2,20.6,,,,,,
2017-2018,Milwaukee Bucks 2018,44,82,106.5,39.7,83,47.8,8.8,24.7,35.5,18.3,23.4,78.3,8.4,31.5,39.8,23.2,8.8,5.4,13.1,21.4,,,,,,
2017-2018,Portland Trail Blazers 2018,49,82,105.6,39.3,87,45.2,10.3,28.1,36.6,16.7,20.9,80,10.2,35.3,45.5,19.5,7,5.2,13,19.5,,,,,,
2017-2018,Indiana Pacers 2018,48,82,105.6,40.8,86.4,47.2,9,24.5,36.9,14.9,19.2,77.9,9.6,32.7,42.3,22.2,8.8,4.1,12.8,18.8,,,,,,
2017-2018,New York Knicks 2018,29,82,104.5,40.7,87.7,46.4,8.2,23.3,35.2,14.9,19,78.7,10.5,33.6,44,23.3,6.7,5.1,14.2,20.5,,,,,,
2017-2018,Utah Jazz 2018,48,82,104.1,38.3,82.9,46.2,10.8,29.6,36.6,16.8,21.5,77.9,9,34.2,43.3,22.4,8.6,5.1,14.1,19.6,,,,,,
2017-2018,Boston Celtics 2018,55,82,104,38.3,85.1,45,11.5,30.4,37.7,16,20.7,77.1,9.4,35.1,44.5,22.5,7.4,4.5,13.3,19.7,,,,,,
2017-2018,Phoenix Suns 2018,21,82,103.9,38.5,87.1,44.2,9.3,27.9,33.4,17.7,23.9,74.1,10.3,33.9,44.1,21.3,6.9,4.5,15,22,,,,,,
2017-2018,Detroit Pistons 2018,39,82,103.8,39.1,86.9,45,10.8,28.9,37.3,14.7,19.8,74.5,10.1,33.6,43.7,22.8,7.7,3.9,12.7,18.4,,,,,,
2017-2018,Miami Heat 2018,44,82,103.4,38.8,85.3,45.5,11,30.6,36,14.7,19.5,75.5,9.3,34.2,43.5,22.7,7.6,5.3,13.6,20.1,,,,,,
2017-2018,Orlando Magic 2018,25,82,103.4,38.8,85.9,45.2,10.3,29.3,35.1,15.5,20.5,75.7,8.8,32.8,41.6,23.4,7.6,4.9,13.9,19.3,,,,,,
2017-2018,Atlanta Hawks 2018,24,82,103.4,38.2,85.5,44.6,11.2,31,36,15.8,20.2,78.5,9.1,32.8,41.9,23.7,7.8,4.2,15,19.6,,,,,,
2017-2018,Chicago Bulls 2018,27,82,102.9,38.7,88.8,43.5,11,31.1,35.5,14.6,19.2,75.9,9.6,35,44.7,23.5,7.6,3.5,13.3,19.2,,,,,,
2017-2018,San Antonio Spurs 2018,47,82,102.7,39,85.4,45.7,8.5,24.1,35.2,16.1,20.9,77.2,10.4,33.9,44.2,22.8,7.7,5.6,12.7,17.2,,,,,,
2017-2018,Dallas Mavericks 2018,24,82,102.3,38.1,85.9,44.4,11.8,32.8,36,14.2,18.7,76.3,8.1,33.1,41.3,22.7,7,3.8,11.8,19.2,,,,,,
2017-2018,Memphis Grizzlies 2018,22,82,99.3,36.7,82.8,44.4,9.2,26.2,35.2,16.6,21.1,78.6,9.5,31,40.5,21.5,7.5,4.8,14.4,23.2,,,,,,
2017-2018,Sacramento Kings 2018,27,82,98.8,38.8,86.1,45,9,24,37.5,12.3,16.7,73.5,9.5,31.4,40.9,21.6,7.8,4.1,13.2,20,,,,,,
2016-2017,Golden State Warriors 2017,67,82,115.9,43.1,87.1,49.5,12,31.2,38.3,17.8,22.6,78.8,9.4,35,44.4,30.4,9.6,6.8,14.4,19.3,,,,,,
2016-2017,Houston Rockets 2017,55,82,115.3,40.3,87.2,46.2,14.4,40.3,35.7,20.3,26.5,76.6,10.9,33.5,44.4,25.2,8.2,4.3,14.5,19.9,,,,,,
2016-2017,Denver Nuggets 2017,40,82,111.7,41.2,87.7,46.9,10.6,28.8,36.8,18.7,24.2,77.4,11.8,34.6,46.4,25.3,6.9,3.9,14.5,19.1,,,,,,
2016-2017,Cleveland Cavaliers 2017,51,82,110.3,39.9,84.9,47,13,33.9,38.4,17.5,23.3,74.8,9.3,34.4,43.8,22.7,6.6,4,13.2,18.1,,,,,,
2016-2017,Washington Wizards 2017,49,82,109.2,41.3,87,47.5,9.2,24.8,37.2,17.3,22.1,78.4,10.3,32.6,42.9,23.9,8.5,4.1,13.5,21.3,,,,,,
2016-2017,LA Clippers 2017,51,82,108.7,39.5,83.2,47.5,10.3,27.4,37.5,19.3,26,74.5,9,34,43,22.5,7.5,4.2,12.5,19.8,,,,,,
2016-2017,Boston Celtics 2017,53,82,108,38.6,85.1,45.4,12,33.4,35.9,18.7,23.2,80.7,9.1,32.9,42,25.2,7.5,4.1,12.6,20.6,,,,,,
2016-2017,Portland Trail Blazers 2017,41,82,107.9,39.5,86.1,45.9,10.4,27.7,37.5,18.5,23.7,78,10.1,33.5,43.7,21.1,7,5,13.1,21.2,,,,,,
2016-2017,Phoenix Suns 2017,24,82,107.7,39.9,88.5,45,7.5,22.6,33.2,20.4,26.3,77.6,11.9,33.1,45,19.6,8.2,4.9,14.9,24.8,,,,,,
2016-2017,Toronto Raptors 2017,51,82,106.9,39.2,84.4,46.4,8.8,24.3,36.3,19.7,24.7,79.6,10.6,32.6,43.3,18.5,8.3,4.9,11.8,20.8,,,,,,
2016-2017,Oklahoma City Thunder 2017,47,82,106.6,39.5,87.4,45.2,8.4,25.8,32.7,19.2,25.8,74.5,12.2,34.4,46.6,21,7.9,5,14.6,20.9,,,,,,
2016-2017,Brooklyn Nets 2017,20,82,105.8,37.8,85.2,44.4,10.7,31.6,33.8,19.4,24.6,78.8,8.8,35.1,43.9,21.4,7.2,4.7,15.9,21,,,,,,
2016-2017,Minnesota Timberwolves 2017,31,82,105.6,39.5,84.4,46.7,7.3,21,34.9,19.3,24.2,79.9,11.4,31,42.4,23.7,8,4.5,13.4,20.1,,,,,,
2016-2017,San Antonio Spurs 2017,61,82,105.3,39.3,83.7,46.9,9.2,23.5,39.1,17.6,22,79.7,10,33.9,43.9,23.8,8,5.9,12.9,18.3,,,,,,
2016-2017,Indiana Pacers 2017,42,82,105.1,39.3,84.5,46.5,8.6,23,37.6,17.9,22.1,81,9,33,42,22.5,8.2,5,13.3,19.5,,,,,,
2016-2017,Charlotte Hornets 2017,36,82,104.9,37.7,85.4,44.2,10,28.6,35.1,19.4,23.8,81.5,8.8,34.8,43.6,23.1,7,4.8,11,16.6,,,,,,
2016-2017,Los Angeles Lakers 2017,26,82,104.6,39.3,87.4,45,8.9,25.7,34.6,17,22.6,75.4,11.4,32.1,43.5,20.9,8.2,3.9,14.5,20.7,,,,,,
2016-2017,New Orleans Pelicans 2017,34,82,104.3,39.1,87,45,9.4,26.8,35,16.7,22.3,75,8.6,35.1,43.7,22.8,7.8,5.5,12.3,18.2,,,,,,
2016-2017,New York Knicks 2017,31,82,104.3,39.6,88.5,44.7,8.6,24.7,34.8,16.6,21.1,78.8,12,33.2,45.2,21.8,7.1,5.5,13.2,20.3,,,,,,
2016-2017,Milwaukee Bucks 2017,42,82,103.6,38.8,81.9,47.4,8.8,23.7,37,17.2,22.4,76.8,8.8,31.6,40.4,24.2,8.1,5.3,13.4,20.2,,,,,,
2016-2017,Miami Heat 2017,41,82,103.2,39,85.8,45.5,9.9,27,36.5,15.2,21.6,70.6,10.6,33,43.6,21.2,7.2,5.8,12.6,20.5,,,,,,
2016-2017,Atlanta Hawks 2017,43,82,103.2,38.1,84.4,45.1,8.9,26.1,34.1,18.1,24.9,72.8,10.3,34.1,44.3,23.6,8.2,4.8,15.2,18.2,,,,,,
2016-2017,Chicago Bulls 2017,41,82,102.9,38.6,87.1,44.4,7.6,22.3,34,18,22.5,79.8,12.2,34.1,46.3,22.6,7.8,4.8,13,17.7,,,,,,
2016-2017,Sacramento Kings 2017,32,82,102.8,37.9,82.1,46.1,9,23.9,37.6,18.1,23.3,77.5,8.7,32.3,41.1,22.5,7.6,4,14.1,20.3,,,,,,
2016-2017,Philadelphia 76ers 2017,28,82,102.4,37.7,85.2,44.2,10.1,29.8,34,17,22,77.1,9.8,33,42.8,23.8,8.4,5.1,16,21.9,,,,,,
2016-2017,Detroit Pistons 2017,37,82,101.3,39.9,88.8,44.9,7.7,23.3,33,13.9,19.3,71.9,11.1,34.6,45.7,21.1,7,3.8,11.4,17.9,,,,,,
2016-2017,Orlando Magic 2017,29,82,101.1,38.3,87,44,8.5,26.1,32.8,16,21.4,74.7,9.8,33.3,43.2,22.2,7.1,4.8,12.8,19.3,,,,,,
2016-2017,Utah Jazz 2017,51,82,100.7,37,79.5,46.6,9.6,26,37.2,17.1,22.9,74.7,9.4,33.8,43.2,20.1,6.7,5,12.9,18.8,,,,,,
2016-2017,Memphis Grizzlies 2017,43,82,100.5,36.4,83.6,43.5,9.4,26.5,35.4,18.3,23.4,78.4,10.8,32,42.8,21.3,8,4.2,12.4,22.4,,,,,,
2016-2017,Dallas Mavericks 2017,33,82,97.9,36.2,82.3,44,10.7,30.2,35.5,14.8,18.5,80.1,7.9,30.7,38.6,20.8,7.5,3.7,11.2,,,,,,,
2015-2016,Golden State Warriors 2016,73,82,114.9,42.5,87.3,48.7,13.1,31.6,41.6,16.7,21.8,76.3,10,36.2,46.2,28.9,8.4,6.1,14.9,20.7,,,,,,
2015-2016,Oklahoma City Thunder 2016,55,82,110.2,41.1,86.4,47.6,8.3,23.7,34.8,19.7,25.2,78.2,13.1,35.6,48.6,23,7.4,5.9,15.5,20.6,,,,,,
2015-2016,Sacramento Kings 2016,33,82,106.6,40,86.4,46.3,8,22.4,35.9,18.5,25.5,72.5,10.6,33.7,44.2,24.5,8.9,4.5,15.5,20.4,,,,,,
2015-2016,Houston Rockets 2016,41,82,106.5,37.7,83.5,45.2,10.7,30.9,34.7,20.4,29.4,69.4,11.3,31.7,43.1,22.2,10,5.2,15.2,21.8,,,,,,
2015-2016,Boston Celtics 2016,48,82,105.7,39.2,89.2,43.9,8.7,26.1,33.5,18.5,23.5,78.8,11.6,33.3,44.9,24.2,9.2,4.2,13.5,21.9,,,,,,
2015-2016,Portland Trail Blazers 2016,44,82,105.1,38.6,85.9,45,10.5,28.5,37,17.4,23,75.4,11.6,33.9,45.5,21.3,6.9,4.6,14.1,21.7,,,,,,
2015-2016,LA Clippers 2016,53,82,104.5,38.3,82.4,46.5,9.7,26.7,36.4,18.2,26.2,69.2,8.8,33.3,42,22.8,8.6,5.6,12.4,21.3,,,,,,
2015-2016,Cleveland Cavaliers 2016,57,82,104.3,38.7,84,46,10.7,29.6,36.2,16.3,21.7,74.8,10.6,33.9,44.5,22.7,6.7,3.9,12.9,20.3,,,,,,
2015-2016,Washington Wizards 2016,41,82,104.1,39.5,85.8,46,8.6,24.2,35.8,16.5,22.5,73,9.1,32.8,41.8,24.5,8.6,3.9,13.9,20.8,,,,,,
2015-2016,San Antonio Spurs 2016,67,82,103.5,40.1,82.9,48.4,7,18.5,37.5,16.4,20.4,80.3,9.4,34.5,43.9,24.5,8.3,5.9,12.5,17.5,,,,,,
2015-2016,Charlotte Hornets 2016,48,82,103.4,37,84.4,43.9,10.6,29.4,36.2,18.7,23.7,79,9,35,43.9,21.7,7.3,5.3,11.9,18.1,,,,,,
2015-2016,Atlanta Hawks 2016,48,82,102.8,38.6,84.4,45.8,9.9,28.4,35,15.6,20,78.3,8.3,33.8,42.1,25.6,9.1,5.9,14.5,19.1,,,,,,
2015-2016,New Orleans Pelicans 2016,30,82,102.7,38.5,85.9,44.8,8.6,23.8,36,17.3,22.2,77.6,9.5,33.1,42.6,22.2,7.7,4.2,13,20.9,,,,,,
2015-2016,Toronto Raptors 2016,56,82,102.7,36.7,81.3,45.1,8.6,23.4,37,20.8,26.7,77.7,10.2,33.2,43.4,18.7,7.8,5.5,12.1,19.6,,,,,,
2015-2016,Minnesota Timberwolves 2016,29,82,102.4,37.7,81.3,46.4,5.5,16.4,33.8,21.4,27,79.2,10,31.5,41.6,23.4,8,4.6,14.4,20.7,,,,,,
2015-2016,Dallas Mavericks 2016,42,82,102.3,37.4,84.1,44.4,9.8,28.6,34.4,17.7,22.3,79.4,9.2,33.9,43.1,22.1,6.8,3.7,12.3,19.5,,,,,,
2015-2016,Indiana Pacers 2016,45,82,102.2,38.3,85.2,45,8.1,23,35.1,17.4,22.8,76.4,10.3,33.9,44.2,21.2,9,4.8,14.3,20,,,,,,
2015-2016,Orlando Magic 2016,35,82,102.1,39.5,86.8,45.5,7.8,22.2,35,15.2,20.1,75.7,10.3,33,43.3,23.6,8.2,5.1,13.6,20.7,,,,,,
2015-2016,Detroit Pistons 2016,44,82,102,37.9,86.4,43.9,9,26.2,34.5,17.1,25.5,66.8,12.5,33.9,46.3,19.4,7,3.7,13,19,,,,,,
2015-2016,Denver Nuggets 2016,33,82,101.9,37.7,85.4,44.2,8,23.7,33.8,18.5,24.1,76.6,11.5,33.1,44.6,22.7,7.4,4.8,14.2,21,,,,,,
2015-2016,Chicago Bulls 2016,42,82,101.6,38.6,87.4,44.1,7.9,21.4,37.1,16.5,21,78.7,11.1,35.2,46.3,22.8,6,5.7,13.3,18.8,,,,,,
2015-2016,Phoenix Suns 2016,23,82,100.9,37.2,85.6,43.5,9,25.8,34.8,17.5,23.2,75.1,11.5,33.3,44.8,20.7,7.7,3.8,16.6,22.7,,,,,,
2015-2016,Miami Heat 2016,48,82,100,38.4,81.7,47,6.1,18,33.6,17.1,23,74.4,9.8,34.3,44.1,20.8,6.7,6.5,13.2,18.3,,,,,,
2015-2016,Memphis Grizzlies 2016,42,82,99.1,36.8,83.6,44,6.1,18.5,33.1,19.3,24.7,78.3,11.2,30.5,41.6,20.7,8.8,4.3,12.7,21.7,,,,,,
2015-2016,Milwaukee Bucks 2016,33,82,99,38.4,82.2,46.7,5.4,15.6,34.5,17,22.7,74.7,10.5,31.2,41.7,23.1,8.2,5.8,14.6,20.7,,,,,,
2015-2016,Brooklyn Nets 2016,21,82,98.6,38.2,84.4,45.3,6.5,18.4,35.2,15.7,20.7,75.7,10.5,31.9,42.4,22.3,7.6,4,14.3,18,,,,,,
2015-2016,New York Knicks 2016,32,82,98.4,36.9,84,43.9,7.4,21.5,34.6,17.2,21.4,80.5,10.4,34,44.4,20.5,5.7,5.7,12.7,19.7,,,,,,
2015-2016,Utah Jazz 2016,40,82,97.7,36.1,80.4,44.9,8.5,23.8,35.5,17.1,23,74.4,10.7,32.5,43.2,19,7.7,5.2,14.2,20.2,,,,,,
2015-2016,Philadelphia 76ers 2016,10,82,97.4,36.2,84,43.1,9.3,27.5,33.9,15.7,22.6,69.4,9.5,31.8,41.2,21.5,8.3,6,15.6,21.7,,,,,,
2015-2016,Los Angeles Lakers 2016,17,82,97.3,35.1,84.8,41.4,7.8,24.6,31.7,19.3,24.7,78.1,10.7,32.3,43,18,7.2,4.1,13,,,,,,,
2014-2015,Golden State Warriors 2015,67,82,110,41.6,87,47.8,10.8,27,39.8,16,20.8,76.8,10.4,34.3,44.7,27.4,9.3,6,14.1,19.9,,,,,,
2014-2015,LA Clippers 2015,56,82,106.7,39.4,83.3,47.3,10.1,26.9,37.6,17.9,25.2,71,9.6,33.1,42.6,24.8,7.8,5,11.8,21.3,,,,,,
2014-2015,Dallas Mavericks 2015,50,82,105.2,39.7,85.8,46.3,8.9,25.4,35.2,16.9,22.5,75.2,10.5,31.8,42.3,22.5,8.1,4.5,12.5,20,,,,,,
2014-2015,Toronto Raptors 2015,49,82,104,37.9,83.3,45.5,8.9,25.1,35.2,19.3,24.6,78.7,10.7,30.8,41.5,20.7,7.5,4.4,12.2,20.9,,,,,,
2014-2015,Oklahoma City Thunder 2015,45,82,104,38.8,86.8,44.7,7.7,22.7,33.9,18.6,24.6,75.4,12.8,34.7,47.5,20.5,7.3,5.5,14,22.3,,,,,,
2014-2015,Houston Rockets 2015,56,82,103.9,37,83.3,44.4,11.4,32.7,34.8,18.6,26,71.5,11.7,32,43.7,22.2,9.5,5,15.9,22,,,,,,
2014-2015,San Antonio Spurs 2015,55,82,103.2,39.1,83.6,46.8,8.3,22.5,36.7,16.7,21.4,78,9.8,33.8,43.6,24.4,8,5.4,13.5,19.1,,,,,,
2014-2015,Cleveland Cavaliers 2015,53,82,103.1,37.7,82.2,45.8,10.1,27.5,36.7,17.7,23.6,75.1,11.1,31.9,43,22.1,7.4,4.1,13.6,18.4,,,,,,
2014-2015,Portland Trail Blazers 2015,51,82,102.8,38.7,86,45,9.8,27.2,36.2,15.5,19.4,80.1,10.7,35.1,45.9,21.9,6.4,4.5,13.3,18.2,,,,,,
2014-2015,Atlanta Hawks 2015,60,82,102.5,38.1,81.7,46.6,10,26.2,38,16.5,21.2,77.8,8.7,31.8,40.6,25.7,9.1,4.6,13.5,17.8,,,,,,
2014-2015,Phoenix Suns 2015,39,82,102.4,38.8,85.8,45.2,8.5,25,34.1,16.4,21.5,76,10.9,32.2,43.2,20.2,8.5,4.7,14.5,21.3,,,,,,
2014-2015,Denver Nuggets 2015,30,82,101.5,37.8,87.3,43.3,8,24.8,32.5,17.8,24.3,73.4,12.3,32.4,44.7,21.8,7.8,4.5,13.8,23,,,,,,
2014-2015,Boston Celtics 2015,40,82,101.4,38.9,87.9,44.3,8,24.6,32.7,15.4,20.5,75.4,11.1,32.7,43.8,24.5,8.2,3.6,13.3,21.2,,,,,,
2014-2015,Sacramento Kings 2015,29,82,101.3,36.7,80.7,45.5,5.6,16.5,34.1,22.3,29.3,76.2,10.9,33.3,44.2,20.3,6.7,4,15.6,20.7,,,,,,
2014-2015,Chicago Bulls 2015,50,82,100.8,36.6,82.9,44.2,7.9,22.3,35.3,19.7,25.2,78.3,11.7,34,45.7,21.7,6.3,5.8,13.2,18.2,,,,,,
2014-2015,New Orleans Pelicans 2015,45,82,99.4,37.9,82.9,45.7,7.1,19.3,37,16.4,21.8,75.1,11.5,32,43.5,22,6.7,6.2,12.6,18.7,,,,,,
2014-2015,Washington Wizards 2015,46,82,98.5,38.3,82.8,46.2,6.1,16.8,36,15.9,21.4,74.2,10.5,34.2,44.7,24,7.3,4.6,14.4,20.8,,,,,,
2014-2015,Detroit Pistons 2015,32,82,98.5,37.1,85.8,43.2,8.6,24.9,34.4,15.8,22.4,70.3,12.8,32.1,44.9,21.6,7.6,4.7,12.6,19,,,,,,
2014-2015,Los Angeles Lakers 2015,21,82,98.5,37.2,85.6,43.5,6.5,18.9,34.4,17.5,23.6,74.1,11.6,32.3,43.9,20.9,7,4.5,12.6,21.2,,,,,,
2014-2015,Memphis Grizzlies 2015,55,82,98.3,37.8,82.5,45.8,5.2,15.2,33.9,17.6,22.8,77.3,10.4,32.1,42.6,21.7,8.5,4.2,13,19.1,,,,,,
2014-2015,Brooklyn Nets 2015,38,82,98,37.4,83,45.1,6.6,19.9,33.1,16.6,22.2,74.8,10.3,32,42.4,20.9,7,4.1,13.4,19.3,,,,,,
2014-2015,Milwaukee Bucks 2015,41,82,97.8,37.6,82,45.9,6.6,18.3,36.3,16,21.1,75.7,10.7,31.4,42.1,23.6,9.6,4.9,16,22.1,,,,,,
2014-2015,Minnesota Timberwolves 2015,16,82,97.8,36.4,83.2,43.8,5,14.9,33.2,20,25.7,77.6,11.6,29.3,40.9,21.6,8.1,4,14.3,19.2,,,,,,
2014-2015,Indiana Pacers 2015,38,82,97.3,36.6,83.2,43.9,7.5,21.2,35.2,16.7,22.2,75.6,10.4,34.4,44.9,21.4,6.2,4.6,13.3,21.2,,,,,,
2014-2015,Orlando Magic 2015,25,82,95.7,37.5,82.8,45.3,6.8,19.5,34.7,13.9,19.1,72.9,10,31.8,41.8,20.6,7.9,3.8,14.3,20.9,,,,,,
2014-2015,Utah Jazz 2015,38,82,95.1,35.4,79.2,44.7,7.4,21.7,34.3,17,23.5,72.1,12,31.9,44,19.9,7.6,6,14.2,19.3,,,,,,
2014-2015,Miami Heat 2015,37,82,94.7,35.2,77.2,45.6,6.8,20.2,33.5,17.5,23.7,74.1,9.1,30,39.1,19.8,7.8,4.5,13.9,20,,,,,,
2014-2015,Charlotte Hornets 2015,33,82,94.2,35.5,84.5,42,6.1,19.1,31.8,17,22.8,74.8,10,34.1,44.1,20.2,6.1,5.5,11.2,18.2,,,,,,
2014-2015,Philadelphia 76ers 2015,18,82,92,33.7,82.6,40.8,8.4,26.3,32,16.1,23.8,67.6,11.9,30.9,42.9,20.5,9.6,5.9,16.9,21.7,,,,,,
2014-2015,New York Knicks 2015,17,82,91.9,35.1,82,42.8,6.8,19.7,34.7,14.8,19.2,76.9,10.6,29.8,40.4,21.3,7,4.7,13.8,,,,,,,
2013-2014,LA Clippers 2014,57,82,107.9,39.1,82.5,47.4,8.5,24,35.2,21.2,29.1,73,10.5,32.5,43,24.6,8.6,4.8,13.3,21.5,,,,,,
2013-2014,Houston Rockets 2014,54,82,107.7,38,80.5,47.2,9.5,26.6,35.8,22.1,31.1,71.2,11.2,34.1,45.3,21.4,7.6,5.6,15.4,20.4,,,,,,
2013-2014,Minnesota Timberwolves 2014,40,82,106.9,38.9,87.5,44.4,7.3,21.4,34.1,21.8,28.1,77.8,12.5,32.2,44.7,24,8.8,3.6,13.5,18.3,,,,,,
2013-2014,Portland Trail blazers 2014,54,82,106.7,39.1,87,45,9.4,25.3,37.2,19.1,23.5,81.5,12.5,34,46.4,23.2,5.5,4.7,13.3,19.2,,,,,,
2013-2014,Oklahoma City Thunder 2014,59,82,106.2,39,82.7,47.1,8.1,22.4,36.1,20.2,25,80.6,10.8,33.9,44.7,21.9,8.3,6.1,14.8,22.7,,,,,,
2013-2014,San Antonio Spurs 2014,62,82,105.4,40.6,83.5,48.6,8.5,21.4,39.7,15.7,20,78.5,9.3,34,43.3,25.2,7.4,5.1,14.1,18.2,,,,,,
2013-2014,Phoenix Suns 2014,48,82,105.2,38.7,83.5,46.3,9.3,25.1,37.2,18.5,24.4,75.8,11.3,31.7,43,19.1,8.4,4.6,14.8,21.9,,,,,,
2013-2014,Dallas Mavericks 2014,49,82,104.8,39.6,83.6,47.4,8.8,22.9,38.4,16.8,21.1,79.5,10.2,30.7,40.9,23.6,8.6,4.3,13.2,20,,,,,,
2013-2014,Denver Nuggets 2014,36,82,104.4,38.4,85.9,44.7,8.6,23.9,35.8,19.1,26.3,72.6,12.3,33.1,45.4,22.4,7.5,5.6,15.4,23,,,,,,
2013-2014,Golden State Warriors 2014,51,82,104.3,39.5,85.4,46.2,9.4,24.8,38,15.9,21.1,75.3,10.9,34.4,45.3,23.3,7.8,5,14.9,21.8,,,,,,
2013-2014,Los Angeles Lakers 2014,27,82,103,38.3,85.1,45,9.4,24.8,38.1,17,22.4,75.7,9.1,32,41,24.5,7.5,5.4,14.8,19.8,,,,,,
2013-2014,Miami Heat 2014,54,82,102.2,38.3,76.5,50.1,8.1,22.3,36.4,17.5,23,76,7.6,29.2,36.9,22.5,8.9,4.5,14.2,19.5,,,,,,
2013-2014,Toronto Raptors 2014,48,82,101.3,36.5,81.9,44.5,8.7,23.4,37.2,19.6,25.1,78.2,11.4,31.1,42.5,21.2,7,4.2,13.4,23,,,,,,
2013-2014,Detroit Pistons 2014,29,82,101,38.8,86.9,44.7,6.2,19.3,32.1,17.3,25.7,67,14.6,30.8,45.4,20.9,8.4,4.8,13.9,20.3,,,,,,
2013-2014,Atlanta Hawks 2014,38,82,101,37.3,81.6,45.8,9.4,25.8,36.3,17,21.7,78.1,8.7,31.3,40,24.9,8.3,4,14.5,19.2,,,,,,
2013-2014,Washington Wizards 2014,44,82,100.7,38.7,84.4,45.9,7.9,20.8,38,15.3,20.9,73.1,10.8,31.4,42.2,23.3,8.1,4.6,14.1,20.4,,,,,,
2013-2014,Sacramento Kings 2014,28,82,100.5,36.9,82.5,44.7,6,18,33.3,20.7,27.3,75.9,12.1,32.4,44.5,18.9,7.2,3.9,14.7,22.5,,,,,,
2013-2014,New Orleans Pelicans 2014,34,82,99.7,37.8,82.5,45.9,5.9,15.9,37.3,18.2,23.6,76.9,11.4,30.3,41.7,21.3,7.9,6.4,13,22.6,,,,,,
2013-2014,Philadelphia 76ers 2014,19,82,99.5,37.9,87.2,43.5,7,22.5,31.2,16.6,23.4,71,11.6,31.2,42.7,21.8,9.3,4,16.4,22.5,,,,,,
2013-2014,New York Knicks 2014,37,82,98.6,36.9,82.2,44.9,9.3,24.9,37.2,15.5,20.4,76.1,10.6,29.7,40.3,20,7.7,4.5,12.4,22.1,,,,,,
2013-2014,Brooklyn Nets 2014,44,82,98.5,35.7,77.9,45.9,8.6,23.4,36.9,18.4,24.4,75.3,8.8,29.4,38.1,20.9,8.6,3.8,14,21.7,,,,,,
2013-2014,Cleveland Cavaliers 2014,33,82,98.2,37,84.8,43.7,7.1,20,35.6,17,22.7,75.1,12.1,32.1,44.1,21.2,7.1,3.7,13.5,20,,,,,,
2013-2014,Charlotte Bobcats 2014,43,82,96.9,36.3,82.1,44.2,6.3,17.9,35.1,18,24.4,73.7,9.5,33.2,42.7,21.7,6.1,5.1,11.6,18.2,,,,,,
2013-2014,Indiana Pacers 2014,56,82,96.7,36,80.2,44.9,6.7,18.8,35.7,18.1,23.3,77.9,10.2,34.5,44.7,20.1,6.7,5.4,14.5,20.4,,,,,,
2013-2014,Orlando Magic 2014,23,82,96.5,36.9,82.7,44.5,6.9,19.5,35.3,15.9,20.9,76.3,9.7,32.4,42,21,7.7,4.3,14.2,20.5,,,,,,
2013-2014,Boston Celtics 2014,25,82,96.2,36.5,83.9,43.5,7,21.1,33.3,16.2,20.8,77.7,12,30.5,42.5,21,7.1,4.2,14.4,21.3,,,,,,
2013-2014,Memphis Grizzlies 2014,50,82,96.1,38.1,82,46.4,4.9,14,35.3,15.1,20.3,74.1,11.6,30.8,42.4,21.9,7.7,4.6,12.9,19.1,,,,,,
2013-2014,Milwaukee Bucks 2014,15,82,95.5,36,82.2,43.8,6.7,18.9,35.3,16.8,22.5,74.7,11.8,29.3,41.1,21.5,6.6,4.9,14.3,20.9,,,,,,
2013-2014,Utah Jazz 2014,25,82,95,36,81.1,44.4,6.6,19.2,34.4,16.4,22,74.7,11,30.2,41.2,20.3,7,4.5,14,20.7,,,,,,
2013-2014,Chicago Bulls 2014,48,82,93.7,34.7,80.2,43.2,6.2,17.8,34.8,18.1,23.3,77.9,11.4,32.7,44.1,22.7,7.2,5.2,14,,,,,,,
2012-2013,Denver Nuggets 2013,57,82,106.1,40.7,85.2,47.8,6.4,18.5,34.3,18.4,26.2,70.1,13.3,31.7,45,24.4,9.3,6.5,14.7,20.5,,,,,,
2012-2013,Houston Rockets 2013,45,82,106,38.1,82.7,46.1,10.6,28.9,36.6,19.2,25.5,75.4,11.1,32.3,43.4,23.2,8.3,4.4,15.8,20.3,,,,,,
2012-2013,Oklahoma City Thunder 2013,60,82,105.7,38.1,79.3,48.1,7.3,19.4,37.7,22.2,26.8,82.8,10.4,33.2,43.6,21.4,8.3,7.6,14.6,20.2,,,,,,
2012-2013,San Antonio Spurs 2013,58,82,103,39.1,81.4,48.1,8.1,21.5,37.6,16.6,21,79.1,8.1,33.2,41.3,25.1,8.5,5.4,14.1,17.4,,,,,,
2012-2013,Miami Heat 2013,66,82,102.9,38.4,77.4,49.6,8.7,22.1,39.6,17.4,23,75.4,8.2,30.4,38.6,23,8.7,5.4,13.3,18.7,,,,,,
2012-2013,Los Angeles Lakers 2013,45,82,102.2,37.1,81,45.8,8.7,24.6,35.5,19.3,27.9,69.2,11.5,33.3,44.8,22.2,7,5.2,14.6,17.9,,,,,,
2012-2013,Golden State Warriors 2013,47,82,101.2,38.2,83.4,45.8,8,19.9,40.3,16.8,21.3,79,10.8,34.2,45,22.5,6.9,4.2,14.8,21.4,,,,,,
2012-2013,Dallas Mavericks 2013,41,82,101.1,38.8,84,46.2,7.4,19.9,37.2,16.1,20.4,79.3,9.4,32.6,41.9,23.2,7.9,5.5,13.5,20.7,,,,,,
2012-2013,LA Clippers 2013,56,82,101.1,38.5,80.6,47.8,7.6,21.4,35.8,16.4,23,71.1,11.4,30.2,41.6,23.9,9.6,5.6,13.8,20.9,,,,,,
2012-2013,Sacramento Kings 2013,28,82,100.2,37.6,84.2,44.7,7.4,20.5,36.3,17.5,22.8,76.9,11.5,29.1,40.6,20.8,8.2,4.2,14,20.9,,,,,,
2012-2013,New York Knicks 2013,54,82,100,36.5,81.6,44.8,10.9,28.9,37.6,16,21.1,75.9,10.9,29.7,40.6,19.3,8.2,3.6,11.6,20.1,,,,,,
2012-2013,Milwaukee Bucks 2013,38,82,98.9,38.1,87.8,43.5,7.3,20.4,36,15.3,20.7,73.6,13,30.9,44,22.9,8.4,6.7,13.6,19,,,,,,
2012-2013,Utah Jazz 2013,43,82,98,37.1,81.8,45.4,6.2,16.9,36.6,17.5,23,76.4,12.1,30,42,22.7,8.4,6.3,14.2,21.3,,,,,,
2012-2013,Atlanta Hawks 2013,44,82,98,37.6,81,46.4,8.6,23.2,37.1,14.1,19.7,71.5,9.2,31.6,40.9,24.5,8.1,4.5,14.3,18,,,,,,
2012-2013,Portland Trailbazers 2013,33,82,97.5,36.7,81.9,44.8,8.2,23.2,35.3,15.9,20.5,77.6,10.7,30.2,40.8,21.8,6.6,4.3,14.2,18.5,,,,,,
2012-2013,Toronto Raptors 2013,34,82,97.2,36.3,81.5,44.6,7,20.3,34.3,17.6,22.3,78.8,10.6,29.6,40.2,21.5,7.3,4.8,13.2,22.4,,,,,,
2012-2013,Brooklyn Nets 2013,49,82,96.9,35.9,79.8,45,7.7,21.5,35.7,17.5,23.9,73.1,12.8,30,42.8,20.3,7.3,4.8,13.9,18.3,,,,,,
2012-2013,Boston Celtics 2013,41,81,96.5,37,79.7,46.5,6.1,17.2,35.8,16.3,21,77.6,8.1,31.3,39.3,22.8,8.2,4.5,13.9,21.2,,,,,,
2012-2013,Cleveland Cavaliers 2013,24,82,96.5,36.5,84.2,43.4,6.7,19.3,34.6,16.8,22.3,75.6,12.2,28.8,41,20.7,7.9,4.1,13.4,21.2,,,,,,
2012-2013,Minnesota Timberwolves 2013,31,82,95.7,35.9,81.7,43.9,5.5,18,30.5,18.5,24.9,74.2,11.9,30.2,42,22.4,8.5,4.7,14.1,18.4,,,,,,
2012-2013,Phoenix Suns 2013,25,82,95.2,37.3,84.4,44.3,5.9,17.7,33,14.7,19.7,74.4,11.7,29.9,41.6,22.6,8,5.3,14.9,20.6,,,,,,
2012-2013,Detroit Pistons 2013,29,82,94.9,36.3,81,44.9,6.3,17.6,35.6,15.9,22.8,69.9,12.1,30,42.1,21.2,7,4.9,14.6,19.8,,,,,,
2012-2013,Indiana Pacers 2013,49,81,94.7,35.1,80.6,43.6,6.9,19.7,34.7,17.6,23.6,74.6,12.9,33,45.9,20.3,7.2,6.3,14.5,20,,,,,,
2012-2013,Orlando Magic 2013,20,82,94.1,37.7,84.2,44.8,6.2,18.7,32.9,12.5,16.6,75.5,10.9,31.9,42.7,22.8,6.4,4.4,14,19.4,,,,,,
2012-2013,New Orleans Hornets 2013,27,82,94.1,36,80.4,44.8,6.5,18,36.3,15.5,20,77.6,12,29.6,41.6,21,6.3,5.4,13.7,20.4,,,,,,
2012-2013,Charlottee Bobcats 2013,21,82,93.4,34.4,81.1,42.5,5.7,17.1,33.5,18.9,25.1,75,11.2,29.1,40.3,19.4,7.2,5.8,13.1,19,,,,,,
2012-2013,Memphis Grizzlies 2013,56,82,93.4,36.1,81.5,44.4,4.7,13.5,34.5,16.5,21.3,77.3,12.9,29.8,42.7,20.9,8.6,5.3,13.2,20.2,,,,,,
2012-2013,Washington Wizards 2013,29,82,93.2,35.5,81.6,43.5,6.6,18.2,36.5,15.6,21.3,73.3,10.8,32.3,43.2,21.6,7.3,4.6,14.6,20.5,,,,,,
2012-2013,Chicago Bulls 2013,45,82,93.2,35.7,81.7,43.7,5.4,15.4,35.3,16.4,21.2,77.3,12.5,30.7,43.2,23,7.2,5.1,13.7,19.7,,,,,,
2012-2013,Philadelphia 76ers 2013,34,82,93.2,37.3,84.1,44.4,6.3,17.5,36,12.2,16.8,72.9,10.9,30.4,41.3,22.8,7.4,4.7,12.6,,,,,,,
2011-2012,Denver Nuggets 2012,38,66,104.1,39,81.9,47.6,6.6,19.9,33.2,19.6,26.7,73.5,11.2,31.9,43.1,24,8.2,5,15.4,19.7,,,,,,
2011-2012,San Antonio Spurs 2012,50,66,103.7,39.6,82.8,47.8,8.4,21.3,39.3,16.2,21.6,74.8,10.3,32.6,43,23.2,7.4,4.4,13.6,17.3,,,,,,
2011-2012,Oklahoma City Thunder 2012,47,66,103.1,37.3,79.2,47.1,7.2,20,35.8,21.3,26.4,80.6,11,32.7,43.7,18.5,7.5,8.2,16.3,20.5,,,,,,
2011-2012,Utah Jazz 2012,36,66,99.7,38.2,83.8,45.6,4.1,12.8,32.3,19.1,25.3,75.4,13,31.1,44.2,21.8,8.3,5.8,14.2,21.8,,,,,,
2011-2012,Milwaukee Bucks 2012,31,66,99,37.9,85.6,44.3,6.6,19.2,34.5,16.6,21.4,77.4,12.4,30,42.5,23.5,8.3,5.1,14.1,19.3,,,,,,
2011-2012,Sacramento Kings 2012,22,66,98.8,37.7,86.5,43.6,6.2,19.7,31.6,17.1,23.2,73.6,13.4,29.5,42.9,19.3,8.5,4.9,14.4,19.5,,,,,,
2011-2012,Miami Heat 2012,46,66,98.5,37.1,79,46.9,5.6,15.6,35.9,18.8,24.2,77.5,10.4,31.2,41.6,20,8.9,5.4,15.2,19.4,,,,,,
2011-2012,Phoenix Suns 2012,33,66,98.4,37.8,82.5,45.8,6.7,19.6,34.3,16,21.2,75.7,10.9,30.8,41.7,22.5,6.5,5.5,14.1,18.7,,,,,,
2011-2012,Houston Rockets 2012,34,66,98.1,37.7,84,44.9,7.2,20.2,35.9,15.4,19.7,78.2,11.7,30.5,42.2,21.3,7.5,4.8,14.5,20.4,,,,,,
2011-2012,Minnesota Timberwolves 2012,26,66,97.9,35.7,82.3,43.3,7.2,21.6,33.2,19.4,25.2,77.1,12.1,31.7,43.7,19.5,6.6,4.4,15.2,18.4,,,,,,
2011-2012,New York Knicks 2012,36,66,97.8,35.8,80.8,44.3,7.8,23.3,33.6,18.3,24.8,74.1,11.3,30.5,41.7,20.1,9.4,4.2,16,21.1,,,,,,
2011-2012,Golden State Warriors 2012,23,66,97.8,37.7,82.5,45.7,7.9,20.5,38.8,14.4,18.7,77,9.7,29.5,39.2,22.3,8,5.5,13.9,21.4,,,,,,
2011-2012,Indiana Pacers 2012,42,66,97.7,35.7,81.4,43.8,5.9,16.1,36.8,20.4,26.1,78.2,12.5,31.4,43.9,18.6,7.9,5.4,14,21.7,,,,,,
2011-2012,LA Clippers 2012,40,66,97.5,37,81.3,45.5,7.8,21.8,35.7,15.8,23.3,68,12.1,29.4,41.6,21,8.4,4.8,13.3,21.2,,,,,,
2011-2012,Los Angeles Lakers 2012,41,66,97.3,36.8,80.6,45.7,5.5,16.8,32.6,18.2,24.1,75.6,12.1,34.1,46.2,22.5,5.9,5.3,15.1,16.8,,,,,,
2011-2012,Portland Trail Blazers 2012,28,66,97.2,36.4,82.1,44.3,7.2,20.9,34.6,17.2,21.6,79.6,11.1,29.5,40.7,20.4,8,4.9,14.2,19,,,,,,
2011-2012,Atlanta Hawks 2012,40,66,96.6,36.8,81,45.4,7.5,20.2,37,15.5,21,74,9.9,31.3,41.2,22.4,8.1,4.6,14,17.8,,,,,,
2011-2012,Chicago Bulls 2012,50,66,96.3,37.4,82.8,45.2,6.3,16.9,37.5,15.2,21.1,72.2,13.9,32.8,46.7,23.1,6.9,5.9,14,17.3,,,,,,
2011-2012,Dallas Mavericks 2012,36,66,95.8,36.3,82,44.3,7.5,22.2,33.9,15.6,20.2,77.1,10.1,32.7,42.8,20.9,8.6,5.1,14,18.6,,,,,,
2011-2012,Memphis Grizzlies 2012,41,66,95,36.7,82.2,44.7,4.2,12.9,32.6,17.3,22.8,75.9,12.6,29.5,42,19.5,9.6,5.2,14.5,19.9,,,,,,
2011-2012,Orlando Magic 2012,37,66,94.2,34.5,78.2,44.1,10.2,27,37.5,15.1,22.8,66,11.2,31.2,42.5,20,6.8,4.2,14.9,17.7,,,,,,
2011-2012,Philadelphia 76ers 2012,35,66,93.6,37.4,83.6,44.8,5.3,14.6,36.2,13.5,18.2,74.2,10.7,32.5,43.2,22,8,5.2,11.2,17.5,,,,,,
2011-2012,Washington Wizards 2012,20,66,93.6,36.6,83,44.1,5.2,16.3,32,15.3,21,72.7,11.7,29.9,41.7,19.1,8,6.3,15.3,21.3,,,,,,
2011-2012,New Jersey Nets 2012,22,66,93.1,34.3,80.6,42.5,7.7,22.4,34.2,16.9,21.7,77.7,11.9,28.5,40.3,19.9,7.5,3.9,15.1,19.2,,,,,,
2011-2012,Cleveland Cavaliers 2012,21,66,93,34.3,81.2,42.2,6.7,19.3,34.6,17.8,24.9,71.6,12.7,29.5,42.3,19.8,7.1,4,15.4,20,,,,,,
2011-2012,Boston Celtics 2012,39,66,91.8,35.5,77.1,46,5.5,15,36.7,15.4,19.8,77.8,7.7,31.1,38.8,23.6,7.5,5.5,14.8,19.9,,,,,,
2011-2012,Detroit Pistons 2012,25,66,90.9,34.7,79.3,43.8,4.8,13.9,34.6,16.6,22.1,75.2,11.7,28.5,40.3,18.7,7,4.2,15.7,19.6,,,,,,
2011-2012,Toronto Raptors 2012,23,66,90.7,34.4,78.1,44,5.5,16.3,34,16.4,21.4,76.9,10.6,31.4,42,20.9,6.5,4.9,15.2,23.2,,,,,,
2011-2012,New Orleans Hornets 2012,7,66,89.6,34.8,77.3,45.1,3.9,11.8,33.3,16,21.2,75.7,11,30.2,41.1,20.7,7.4,4.8,15.5,20.1,,,,,,
2011-2012,Charlotte Bobcats 2012,21,66,87,33.2,80.2,41.4,4,13.5,29.5,16.5,22.2,74.6,10.3,28.7,39,20.1,6,5.5,14.5,,,,,,,
2010-2011,Denver Nuggets 2011,50,82,107.5,38.4,80.6,47.6,8.1,20.8,38.8,22.7,29.6,76.5,9.6,32.3,42,22.1,7.4,4.3,14.1,21,,,,,,
2010-2011,New York Knicks 2011,42,82,106.5,38.3,83.7,45.7,9.3,25.4,36.8,20.6,25.5,80.9,10.3,30.1,40.5,21.4,7.6,5.8,13.7,21.3,,,,,,
2010-2011,Houston Rockets 2011,43,82,105.9,38.7,85.1,45.4,8.3,22.5,36.7,20.3,25.4,80.1,11.7,31.1,42.8,23.8,7.1,4.5,13.5,20,,,,,,
2010-2011,Phoenix Suns 2011,40,82,105,39.3,83.5,47,8.5,22.6,37.7,18,23.6,75.9,10,30.2,40.2,23.7,6.6,4.4,14.3,20.3,,,,,,
2010-2011,Oklahoma City Thunder 2011,55,82,104.8,37.4,80.6,46.4,5.9,17.1,34.7,24.1,29.3,82.3,11,31.8,42.8,20.4,8,5.9,14.1,22.4,,,,,,
2010-2011,San Antonio Spurs 2011,61,82,103.7,38.4,80.8,47.5,8.4,21.1,39.7,18.5,24.2,76.7,10.1,31.7,41.9,22.4,7.3,4.5,13.4,19,,,,,,
2010-2011,Golden State Warriors 2011,36,82,103.4,39.6,85.9,46.1,8.4,21.3,39.2,15.7,20.7,76.1,11.6,28.9,40.5,22.5,9,5,14.6,22,,,,,,
2010-2011,Miami Heat 2011,58,82,102.1,37,76.8,48.1,6.7,18,37,21.5,27.9,76.9,9.6,32.5,42.1,20,6.6,5.2,13.9,20.4,,,,,,
2010-2011,Los Angeles Lakers 2011,57,82,101.5,38.1,82.4,46.3,6.4,18.1,35.2,18.8,24.1,77.9,12.1,31.9,44,22,7.3,5.1,13.1,19,,,,,,
2010-2011,Minnesota Timberwolves 2011,17,82,101.1,37.7,85.5,44.1,7.2,19.1,37.6,18.5,24.1,76.8,13.2,31.2,44.4,20.1,7.2,5.1,17,22.3,,,,,,
2010-2011,Dallas Mavericks 2011,57,82,100.2,37.4,78.8,47.5,7.9,21.6,36.5,17.5,22.6,77.7,9.5,31.9,41.4,23.8,6.8,4.3,14,19.2,,,,,,
2010-2011,Memphis Grizzlies 2011,46,82,99.9,39,82.9,47.1,3.8,11.3,33.4,18.1,24.2,75,11.8,29.2,41,20.6,9.4,5.4,14,20.8,,,,,,
2010-2011,Indiana Pacers 2011,37,82,99.8,36.6,82.8,44.2,7.1,20.2,35.4,19.4,24.8,78.2,11.1,32.4,43.5,19.6,7.1,5.6,15.4,21.7,,,,,,
2010-2011,Utah Jazz 2011,39,82,99.4,37.4,80.4,46.5,5.3,15.3,34.6,19.4,25.1,77.1,11,28.5,39.5,23.4,7.7,5.9,14.3,22.7,,,,,,
2010-2011,Sacramento Kings 2011,24,82,99.4,38.2,85.1,44.9,5.2,15.6,33.5,17.7,24.2,73.4,13.1,30.8,43.9,20.4,7.4,4.8,16.1,22,,,,,,
2010-2011,Orlando Magic 2011,52,82,99.2,36,78.2,46.1,9.4,25.6,36.6,17.7,25.6,69.2,10.5,32.7,43.2,20,6.7,4.7,14.9,20,,,,,,
2010-2011,Toronto Raptors 2011,22,82,99.1,38.3,82.4,46.5,4.2,13.3,31.6,18.2,24.1,75.5,11.7,28.6,40.3,21.9,7.1,4.3,14.7,22,,,,,,
2010-2011,Philadelphia 76ers 2011,41,82,99,38.1,82.6,46.1,5.4,15.2,35.5,17.4,22.6,77,10.4,31.4,41.8,22.7,7.6,4.3,13,19.4,,,,,,
2010-2011,LA Clippers 2011,32,82,98.6,36.8,80.4,45.7,6.3,18.5,33.8,18.9,26.7,70.7,11.6,30.5,42.1,22.1,7.1,4.9,16.4,21.1,,,,,,
2010-2011,Chicago Bulls 2011,62,82,98.6,37.1,80.3,46.2,6.2,17.3,36.1,18.2,24.5,74.3,11.8,32.4,44.2,22.3,7.2,5.7,14.2,20,,,,,,
2010-2011,Washingon Wizards 2011,23,82,97.3,37.2,84,44.3,4.8,14.4,33.2,18.2,24.4,74.5,12.4,29,41.3,19.4,8.1,6.1,15.3,22.6,,,,,,
2010-2011,Detroit Pistons 2011,30,82,97,37.3,81.1,46,5.8,15.3,37.6,16.7,22.6,73.7,11.4,27.3,38.6,21.1,7.3,4,13,19.9,,,,,,
2010-2011,Boston Celtics 2011,56,82,96.5,36.9,75.8,48.6,5,13.6,36.5,17.8,23.1,77,7.8,31,38.8,23.4,8.2,4.2,14.6,20.5,,,,,,
2010-2011,Portland Trail Blazers 2011,48,82,96.3,36,80.5,44.7,6.3,18.3,34.5,18,22.4,80.4,12.1,27.2,39.3,21.2,8,4.4,13,19.3,,,,,,
2010-2011,Cleveland Cavaliers 2011,19,82,95.5,35.2,81.1,43.4,6.2,18.2,34.2,18.9,25.3,74.5,10.4,29.9,40.3,21,6.6,4.2,14.2,20.1,,,,,,
2010-2011,Atlanta Hawks 2011,44,82,95,36.2,78.4,46.2,6.1,17.4,35.2,16.4,21.1,77.9,9.3,30,39.3,22,6.1,4.2,13.6,19,,,,,,
2010-2011,New Orleans Hornets 2011,46,82,94.9,35.9,78.2,45.9,5.4,15,36,17.7,23.1,76.5,10,30.1,40.1,20.6,7.6,4.4,13,21,,,,,,
2010-2011,New Jersey Nets 2011,24,82,94.2,35.6,81,44,5.6,16.3,34.3,17.4,22.9,75.9,11.1,29.8,40.8,21,5.6,4.7,14,22,,,,,,
2010-2011,Charlotte Bobcats 2011,34,82,93.3,35,77.6,45.1,4.8,14.7,32.7,18.4,24.4,75.6,10.3,29.8,40.1,21.1,6.4,5.3,14.5,20,,,,,,
2010-2011,Milwaukee Bucks 2011,35,82,91.9,34.3,79.8,43,5.9,17.2,34.2,17.4,22.9,75.7,10.5,30.2,40.8,18.8,7.5,4.9,13.5,,,,,,,
2009-2010,Phoenix Suns 2010,54,82,110.2,40.7,82.8,49.2,8.9,21.6,41.2,19.9,25.8,77,11.1,31.9,43,23.3,5.8,5.1,14.8,20.9,,,,,,
2009-2010,Golden Sate Warriors 2010,26,82,108.8,40.6,86.5,46.9,7.7,20.6,37.5,19.9,25.4,78.2,9.2,29.2,38.4,22.4,9.3,4.1,14.7,23,,,,,,
2009-2010,Denver Nuggets 2010,53,82,106.5,38.1,81.4,46.8,6.6,18.5,35.9,23.6,30.6,77.2,10.8,30.5,41.4,21,8.3,5.1,13.9,22.5,,,,,,
2009-2010,Utah Jazz 2010,53,82,104.2,39.4,80.2,49.1,5.4,14.7,36.4,20.2,27.2,74.1,10.6,31.6,42.2,26.7,8.2,4.9,15.2,22.7,,,,,,
2009-2010,Toronto Raptors 2010,40,82,104.1,39,80.9,48.2,6.3,17,37.1,19.7,25.8,76.4,9.8,30.6,40.4,22,5.7,4.7,13.4,22.2,,,,,,
2009-2010,Orlando Magic 2010,59,82,102.8,36.6,78,47,10.3,27.3,37.5,19.2,26.5,72.4,9.9,33.4,43.2,19.7,6.2,5.6,14.1,19.9,,,,,,
2009-2010,Memphis Grizzlies 2010,40,82,102.5,39.3,83.8,46.9,4.2,12.4,33.7,19.7,26.9,73.3,13,30.4,43.5,18.8,7.9,4.9,15.2,20.2,,,,,,
2009-2010,Houston Rockets 2010,42,82,102.4,37.7,84.4,44.7,7.9,22.4,35.1,19,24.7,77.2,11.8,30.1,42,21.8,7.1,3.9,14.5,20.9,,,,,,
2009-2010,Cleveland Cavaliers 2010,61,82,102.1,37.8,77.9,48.5,7.3,19.3,38.1,19.1,26.6,72,9.6,32.8,42.5,22.4,6.9,5.2,13.9,19.4,,,,,,
2009-2010,New York Knicks 2010,29,82,102.1,38.1,83.9,45.5,9.1,26.2,34.6,16.8,21.5,78.2,10.2,30.2,40.4,21.6,7.1,3.7,14,20,,,,,,
2009-2010,Dallas Mavericks 2010,55,82,102,38.3,82.4,46.5,6.8,18.3,37.3,18.6,22.8,81.6,10.2,31.5,41.7,23.4,7.6,5.5,12.9,19.1,,,,,,
2009-2010,Los Angeles Lakers 2010,57,82,101.7,38.3,83.8,45.7,6.5,19,34.1,18.5,24.2,76.5,11.9,32.5,44.3,21.1,7.5,4.9,13.4,19.4,,,,,,
2009-2010,Atlnata Hawks 2010,53,82,101.7,38.8,82.9,46.8,6.4,17.7,36,17.7,23.3,75.9,11.8,29.9,41.7,21.8,7.2,5,12,19.9,,,,,,
2009-2010,Oklahoma City Thunder 2010,50,82,101.5,37.4,80.8,46.2,5.1,15,34,21.7,27,80.5,11.7,31.8,43.5,20,8,5.9,15,21.3,,,,,,
2009-2010,San Antonio Spurs 2010,50,82,101.4,38.4,81.2,47.3,6.8,18.9,35.8,17.8,24,74,10.8,32,42.8,22.3,6.3,4.6,13.6,20.4,,,,,,
2009-2010,Indiana Pacers 2010,32,82,100.8,36.8,83.2,44.3,8,23.1,34.8,19.1,24.6,77.5,9.6,31.9,41.5,21.1,7.1,5.4,15,22.5,,,,,,
2009-2010,New Orleans Hornets 2010,44,82,100.2,38.8,83.4,46.4,7,19.2,36.3,15.8,20.3,77.8,10.4,29.9,40.3,22.3,7.6,3.7,13.5,19.6,,,,,,
2009-2010,Sacramento Kings 2010,25,82,100,38.3,84.1,45.6,5.9,16.9,34.9,17.4,24,72.6,11.9,30.7,42.6,20.5,6.9,4.5,15,22.3,,,,,,
2009-2010,Boston Celtics 2010,50,82,99.2,37.1,76.8,48.3,6.1,17.5,34.8,19,25.5,74.6,8.7,29.9,38.6,23.5,8.5,4.9,14.9,22.1,,,,,,
2009-2010,Minnesota Timberwolves 2010,15,82,98.2,37.9,84.4,44.9,4.9,14.4,34.1,17.5,23.5,74.6,11.7,31.2,42.9,19.8,7.3,3.7,16.3,20.7,,,,,,
2009-2010,Portland Trail Blazers 2010,50,82,98.1,36.3,78.7,46.1,6,16.9,35.4,19.6,24.8,79,11.1,29.1,40.2,20.4,6.4,4.3,12.3,20.9,,,,,,
2009-2010,Philadelphia 76ers 2010,27,82,97.7,37.6,81.8,46,5.8,16.8,34.3,16.7,22,75.6,11.5,29.5,41,21,8.1,5.4,14.5,20.5,,,,,,
2009-2010,Milwaukee Bucks 2010,46,82,97.7,37.2,85.3,43.6,7.9,22.1,35.6,15.4,20.4,75.5,11.8,31.2,43,21.2,7.1,4.7,13.2,22.2,,,,,,
2009-2010,Chicago Bulls 2010,41,82,97.5,37.6,83.2,45.1,4.3,13,33,18,23.9,75.4,11.4,33.1,44.5,20.8,6.5,5.8,14.3,20.1,,,,,,
2009-2010,Miami Heat 2010,47,82,96.5,36.4,79.5,45.8,6,17.4,34.6,17.7,23.5,75.2,10.7,31.1,41.8,18.9,7.4,5.6,13.2,20.9,,,,,,
2009-2010,Washington Wizards 2010,26,82,96.2,36.7,81.7,44.9,5.3,14.9,35.3,17.6,23.1,76.2,11.8,30,41.8,19,6,5.1,14.9,21.4,,,,,,
2009-2010,LA Clippers 2010,29,82,95.7,36.6,80.5,45.5,5.9,17.8,33.2,16.6,22.8,73,11.3,30.5,41.8,22.1,6.5,5.7,15.7,19.3,,,,,,
2009-2010,Charlottte Bobcats 2010,37,82,95.3,34.9,76.9,45.3,5.6,16.2,34.6,20,26.6,75.1,10.5,30.4,40.8,20.2,7.7,5.4,15.7,19.5,,,,,,
2009-2010,Detroit Pistons 2010,27,82,94,35.9,80.5,44.5,4.6,14.5,31.4,17.7,24.4,72.8,12.8,27.3,40.2,19.4,7.3,3.8,13.4,22.2,,,,,,
2009-2010,New Jersey Nets 2010,12,82,92.4,34.3,79.9,42.9,4.6,14.5,31.8,19.2,24.6,78,10.9,28.8,39.7,18.8,7,4.8,14.4,,,,,,,
,,,,,,,,,,,,,,,,,,,,,,,,,,,